Run,ControlType,TotalThroughput,AvgWaitTime,AvgQueueLength,AvgSpeed,TotalPhasesCompleted,FullCyclesCompleted,AvgGreenPhaseDuration,MaxWaitTime,MaxQueueLength
1,fixed,386,14.619238401564424,25.863,2.435961134969044,77,9,22.0,32.73076923076923,47
2,fixed,340,17.441254524428434,31.564,2.149676113596739,77,9,22.0,51.08,64
3,fixed,355,15.7107959014686,26.712,2.298486843974924,77,9,22.0,47.34782608695652,55
