Run,ControlType,TotalThroughput,AvgWaitTime,AvgQueueLength,AvgSpeed,PhasesCompleted,AvgPhaseDuration,MaxWaitTime,MaxQueueLength
1,fixed,359,18.89751903005711,25.531,2.3587594624873938,30,30.0,38.15151515151515,48
2,fixed,377,20.423123798430584,32.742,2.2009986434930124,30,30.0,48.6,60
3,fixed,351,19.475542281017116,26.494,2.2960282975028217,30,30.0,40.71875,53
