Episode,TotalReward,Throughput,AvgWaitTime,AvgQueueLength
1,16468.0,213,12.533797930980194,2.502267573696145
