Episode,TotalReward,Throughput,AvgWaitTime,AvgQueueLength
1,-8630.0,287,13.055783187497301,1.8293650793650795
2,-7247.0,272,13.086584854523283,1.6932773109243697
