Run,TotalThroughput,AvgWaitTime,AvgQueueLength,PhasesCompleted,AvgPhaseDuration,MaxWaitTime,MaxQueueLength
1,355,21.142061546345982,2.503714285714285,41,20.463414634146343,55.293103448275865,5.0
2,319,25.05246068408309,3.5584285714285717,42,20.452380952380953,61.84146341463415,7.428571428571429
3,308,21.12669717424394,2.309857142857143,44,19.227272727272727,68.05555555555556,4.785714285714286
