Run,TotalThroughput,AvgWaitTime,AvgQueueLength,AvgSpeed,PhasesCompleted,AvgPhaseDuration,MaxWaitTime,MaxQueueLength
1,333,15.551829962961508,26.941,2.1293364274966184,49,16.877551020408163,48.6,63
2,351,17.45105758889789,37.45,1.9168641841793137,47,17.361702127659573,54.166666666666664,73
3,355,16.746840588015495,28.353,2.1100026951644506,45,18.288888888888888,41.916666666666664,51
