Run,TotalThroughput,AvgWaitTime,AvgQueueLength,AvgSpeed,PhasesCompleted,AvgPhaseDuration,MaxWaitTime,MaxQueueLength
1,302,21.742070859383187,44.236,1.5779386245381664,45,18.288888888888888,71.57142857142857,89
2,316,16.86603813350306,33.831,1.8909354500707798,47,17.72340425531915,47.078947368421055,62
3,282,17.959568799443417,48.291,1.555331486464921,52,15.5,48.42553191489362,98
